list-none-m,1,1000,1,3000,3857531,1285,37
list-none-m,2,1000,1,6000,15807676,2634,3889
list-none-m,4,1000,1,12000,45995057,3832,11631
list-none-m,8,1000,1,24000,201646733,8401,68451
list-none-m,12,1000,1,36000,395868191,10996,120831
list-none-m,16,1000,1,48000,765761783,15953,249684
list-none-m,24,1000,1,72000,1733580285,24077,638115
list-none-s,1,1000,1,3000,3600373,1200,0
list-none-s,2,1000,1,6000,10133031,1688,0
list-none-s,4,1000,1,12000,30729711,2560,0
list-none-s,8,1000,1,24000,231961433,9665,0
list-none-s,12,1000,1,36000,327552957,9098,0
list-none-s,16,1000,1,48000,592587950,12345,0
list-none-s,24,1000,1,72000,1625096947,22570,0
list-id-s,1,20,1,60,154456,2574,0
list-id-s,1,40,1,120,183147,1526,0
list-id-s,1,80,1,240,239920,999,0
list-id-s,4,10,1,120,153864,1282,0
list-id-s,4,20,1,240,227219,946,0
list-id-s,4,40,1,480,320588,667,0
list-id-s,4,80,1,960,645332,672,0
list-id-s,8,10,1,240,1510720,6294,0
list-id-s,8,20,1,480,432833,901,0
list-id-s,8,40,1,960,705701,735,0
list-id-s,8,80,1,1920,1412889,735,0
list-id-s,12,10,1,360,381254,1059,0
list-id-s,12,20,1,720,562519,781,0
list-id-s,12,40,1,1440,1090736,757,0
list-id-s,12,80,1,2880,2398082,832,0
list-id-s,16,10,1,480,512498,1067,0
list-id-s,16,20,1,960,703217,732,0
list-id-s,16,40,1,1920,1560682,812,0
list-id-s,16,80,1,3840,3755857,978,0
list-id-m,1,10,1,30,112932,3764,134
list-id-m,1,20,1,60,151553,2525,79
list-id-m,1,40,1,120,212352,1769,59
list-id-m,1,80,1,240,274427,1143,48
list-id-m,4,10,1,120,237198,1976,1200
list-id-m,4,20,1,240,325495,1356,1255
list-id-m,4,40,1,480,539073,1123,1988
list-id-m,4,80,1,960,862154,898,2041
list-id-m,8,10,1,240,1095131,4563,1064
list-id-m,8,20,1,480,530389,1104,3890
list-id-m,8,40,1,960,967737,1008,5048
list-id-m,8,80,1,1920,1707976,889,5180
list-id-m,12,10,1,360,447211,1242,3070
list-id-m,12,20,1,720,733386,1018,6873
list-id-m,12,40,1,1440,1273485,884,8316
list-id-m,12,80,1,2880,2609224,905,9822
list-id-m,16,10,1,480,625336,1302,6124
list-id-m,16,20,1,960,905496,943,8822
list-id-m,16,40,1,1920,1771843,922,11871
list-id-m,16,80,1,3840,3560509,927,14858
list-none-m,1,1000,1,3000,1281489,427,37
list-none-m,1,1000,1,3000,855521,285,37
list-none-m,1,1000,1,3000,593228,197,36
list-none-m,2,1000,1,6000,6111411,1018,777
list-none-m,2,1000,1,6000,4654043,775,496
list-none-m,2,1000,1,6000,3030624,505,288
list-none-m,4,1000,1,12000,15512241,1292,3428
list-none-m,4,1000,1,12000,8772373,731,1334
list-none-m,4,1000,1,12000,5461753,455,628
list-none-m,8,1000,1,24000,47581709,1982,14847
list-none-m,8,1000,1,24000,20740806,864,4644
list-none-m,8,1000,1,24000,11081161,461,1645
list-none-m,12,1000,1,36000,100251742,2784,36348
list-none-m,12,1000,1,36000,36185681,1005,10020
list-none-m,12,1000,1,36000,17837368,495,3247
list-none-s,1,1000,1,3000,1184381,394,0
list-none-s,1,1000,1,3000,750044,250,0
list-none-s,1,1000,1,3000,488042,162,0
list-none-s,2,1000,1,6000,8629087,1438,0
list-none-s,2,1000,1,6000,4726242,787,0
list-none-s,2,1000,1,6000,3317582,552,0
list-none-s,4,1000,1,12000,15033516,1252,0
list-none-s,4,1000,1,12000,7880020,656,0
list-none-s,4,1000,1,12000,4203288,350,0
list-none-s,8,1000,1,24000,34821183,1450,0
list-none-s,8,1000,1,24000,14895346,620,0
list-none-s,8,1000,1,24000,7046956,293,0
list-none-s,12,1000,1,36000,78946792,2192,0
list-none-s,12,1000,1,36000,27638543,767,0
list-none-s,12,1000,1,36000,12004250,333,0
list-none-m,1,1000,1,3000,3827364,1275,36
list-none-m,2,1000,1,6000,10797542,1799,1699
list-none-m,4,1000,1,12000,47074860,3922,13709
list-none-m,8,1000,1,24000,197182015,8215,61434
list-none-m,12,1000,1,36000,429684139,11935,143582
list-none-m,16,1000,1,48000,720568880,15011,250542
list-none-m,24,1000,1,72000,1643047649,22820,586286
list-none-s,1,1000,1,3000,3651009,1217,0
list-none-s,2,1000,1,6000,10957015,1826,0
list-none-s,4,1000,1,12000,50749600,4229,0
list-none-s,8,1000,1,24000,129061113,5377,0
list-none-s,12,1000,1,36000,326540156,9070,0
list-none-s,16,1000,1,48000,586353010,12215,0
list-none-s,24,1000,1,72000,1081672430,15023,0
list-id-none,1,1,1,3,131090,43696,0
list-id-none,1,2,1,6,126569,21094,0
list-id-none,1,4,1,12,128608,10717,0
list-id-none,1,8,1,24,137065,5711,0
list-id-none,1,16,1,48,147762,3078,0
list-id-none,4,1,1,12,197007,16417,0
list-id-none,4,2,1,24,138392,5766,0
list-id-none,4,4,1,48,157288,3276,0
list-id-none,4,8,1,96,177626,1850,0
list-id-none,4,16,1,192,224778,1170,0
list-id-none,8,1,1,24,302617,12609,0
list-id-none,8,2,1,48,308128,6419,0
list-id-none,8,16,1,384,290657,756,0
list-id-none,12,1,1,36,386307,10730,0
list-id-none,12,2,1,72,372834,5178,0
list-id-none,12,4,1,144,389681,2706,0
list-id-none,12,8,1,288,395970,1374,0
list-id-none,16,1,1,48,469315,9777,0
list-id-none,16,2,1,96,461586,4808,0
list-id-s,1,10,1,30,144838,4827,0
list-id-s,1,20,1,60,156292,2604,0
list-id-s,1,40,1,120,182166,1518,0
list-id-s,1,80,1,240,311138,1296,0
list-id-s,4,10,1,120,201945,1682,0
list-id-s,4,20,1,240,202365,843,0
list-id-s,4,40,1,480,1450795,3022,0
list-id-s,4,80,1,960,631859,658,0
list-id-s,8,10,1,240,324757,1353,0
list-id-s,8,20,1,480,402119,837,0
list-id-s,8,40,1,960,731978,762,0
list-id-s,8,80,1,1920,1486328,774,0
list-id-s,12,10,1,360,447827,1243,0
list-id-s,12,20,1,720,1623507,2254,0
list-id-s,12,40,1,1440,1094189,759,0
list-id-s,12,80,1,2880,2354437,817,0
list-id-s,16,10,1,480,479336,998,0
list-id-s,16,20,1,960,595065,619,0
list-id-s,16,40,1,1920,1527579,795,0
list-id-s,16,80,1,3840,3778863,984,0
list-id-m,1,10,1,30,172791,5759,121
list-id-m,1,20,1,60,146547,2442,84
list-id-m,1,40,1,120,158669,1322,63
list-id-m,1,80,1,240,243614,1015,127
list-id-m,4,10,1,120,168895,1407,1182
list-id-m,4,20,1,240,303673,1265,2294
list-id-m,4,40,1,480,441955,920,1675
list-id-m,4,80,1,960,915336,953,2108
list-id-m,8,10,1,240,375050,1562,2822
list-id-m,8,20,1,480,580542,1209,4498
list-id-m,8,40,1,960,941019,980,5512
list-id-m,8,80,1,1920,1781900,928,5303
list-id-m,12,10,1,360,519401,1442,3626
list-id-m,12,20,1,720,813486,1129,7361
list-id-m,12,40,1,1440,1294238,898,7988
list-id-m,12,80,1,2880,2630314,913,10065
list-id-m,16,10,1,480,647781,1349,7719
list-id-m,16,20,1,960,1003134,1044,10876
list-id-m,16,40,1,1920,1708186,889,10801
list-id-m,16,80,1,3840,3556079,926,14206
list-none-m,1,1000,1,3000,1322212,440,37
list-none-m,1,1000,1,3000,903695,301,43
list-none-m,1,1000,1,3000,600978,200,36
list-none-m,2,1000,1,6000,6704020,1117,898
list-none-m,2,1000,1,6000,4694704,782,527
list-none-m,2,1000,1,6000,3208465,534,305
list-none-m,4,1000,1,12000,16214819,1351,3659
list-none-m,4,1000,1,12000,8364531,697,1244
list-none-m,4,1000,1,12000,5503946,458,608
list-none-m,8,1000,1,24000,45504179,1896,14181
list-none-m,8,1000,1,24000,20156851,839,4496
list-none-m,8,1000,1,24000,10816075,450,1636
list-none-m,12,1000,1,36000,95293600,2647,34374
list-none-m,12,1000,1,36000,38272284,1063,10423
list-none-m,12,1000,1,36000,18202619,505,3388
list-none-s,1,1000,1,3000,1181943,393,0
list-none-s,1,1000,1,3000,727804,242,0
list-none-s,1,1000,1,3000,469796,156,0
list-none-s,2,1000,1,6000,7549519,1258,0
list-none-s,2,1000,1,6000,4610742,768,0
list-none-s,2,1000,1,6000,2691844,448,0
list-none-s,4,1000,1,12000,14849095,1237,0
list-none-s,4,1000,1,12000,7026805,585,0
list-none-s,4,1000,1,12000,4177247,348,0
list-none-s,8,1000,1,24000,34867244,1452,0
list-none-s,8,1000,1,24000,14293010,595,0
list-none-s,8,1000,1,24000,7126073,296,0
list-none-s,12,1000,1,36000,77839545,2162,0
list-none-s,12,1000,1,36000,27653788,768,0
list-none-s,12,1000,1,36000,11694680,324,0
list-none-m,1,1000,1,3000,3790085,1263,37
list-none-m,2,1000,1,6000,14945682,2490,3683
list-none-m,4,1000,1,12000,37120624,3093,7792
list-none-m,8,1000,1,24000,200424113,8351,61810
list-none-m,12,1000,1,36000,432832969,12023,145902
list-none-m,16,1000,1,48000,788952604,16436,254783
list-none-m,24,1000,1,72000,1886957460,26207,668967
list-none-s,1,1000,1,3000,3631646,1210,0
list-none-s,2,1000,1,6000,8228032,1371,0
list-none-s,4,1000,1,12000,26227273,2185,0
list-none-s,8,1000,1,24000,113999430,4749,0
list-none-s,12,1000,1,36000,339542797,9431,0
list-none-s,16,1000,1,48000,522709778,10889,0
list-none-s,24,1000,1,72000,2441167322,33905,0
list-id-none,1,1,1,3,115088,38362,0
list-id-none,1,2,1,6,125178,20863,0
list-id-none,1,4,1,12,131540,10961,0
list-id-none,1,8,1,24,130321,5430,0
list-id-none,1,16,1,48,140610,2929,0
list-id-none,4,1,1,12,151603,12633,0
list-id-none,4,8,1,96,252856,2633,0
list-id-none,8,1,1,24,285968,11915,0
list-id-none,8,2,1,48,296835,6184,0
list-id-none,8,4,1,96,284955,2968,0
list-id-none,12,1,1,36,493778,13716,0
list-id-none,12,2,1,72,414629,5758,0
list-id-none,12,4,1,144,398801,2769,0
list-id-none,16,1,1,48,552725,11515,0
list-id-none,16,2,1,96,534162,5564,0
list-id-none,16,4,1,192,1674180,8719,0
list-id-none,16,8,1,384,1764286,4594,0
list-id-s,1,10,1,30,131598,4386,0
list-id-s,1,20,1,60,143928,2398,0
list-id-s,1,40,1,120,176849,1473,0
list-id-s,1,80,1,240,228697,952,0
list-id-s,4,10,1,120,289368,2411,0
list-id-s,4,20,1,240,455383,1897,0
list-id-s,4,40,1,480,582104,1212,0
list-id-s,4,80,1,960,745909,776,0
list-id-s,8,10,1,240,347397,1447,0
list-id-s,8,20,1,480,726955,1514,0
list-id-s,8,40,1,960,1250963,1303,0
list-id-s,8,80,1,1920,2014388,1049,0
list-id-s,12,10,1,360,492149,1367,0
list-id-s,12,20,1,720,945965,1313,0
list-id-s,12,40,1,1440,1838271,1276,0
list-id-s,12,80,1,2880,3774370,1310,0
list-id-s,16,10,1,480,596115,1241,0
list-id-s,16,20,1,960,1013100,1055,0
list-id-s,16,40,1,1920,4383769,2283,0
list-id-s,16,80,1,3840,4574609,1191,0
list-id-m,1,10,1,30,392516,13083,1191
list-id-m,1,20,1,60,549099,9151,929
list-id-m,1,40,1,120,862743,7189,1003
list-id-m,1,80,1,240,1561271,6505,1012
list-id-m,4,10,1,120,441706,3680,4381
list-id-m,4,20,1,240,828120,3450,4980
list-id-m,4,40,1,480,3692707,7693,12789
list-id-m,4,80,1,960,4033660,4201,9270
list-id-m,8,10,1,240,1521497,6339,24851
list-id-m,8,20,1,480,2743926,5716,31655
list-id-m,8,40,1,960,4788639,4988,28562
list-id-m,8,80,1,1920,5925776,3086,18374
list-id-m,12,10,1,360,2269997,6305,35541
list-id-m,12,20,1,720,3350581,4653,38596
list-id-m,12,40,1,1440,6008954,4172,35385
list-id-m,12,80,1,2880,10882378,3778,41745
list-id-m,16,10,1,480,2152721,4484,26422
list-id-m,16,20,1,960,3091807,3220,25476
list-id-m,16,40,1,1920,6480496,3375,41835
list-id-m,16,80,1,3840,14417653,3754,58458
list-none-m,1,1000,1,3000,5418171,1806,812
list-none-m,1,1000,1,3000,5165320,1721,908
list-none-m,1,1000,1,3000,4799176,1599,919
list-none-m,2,1000,1,6000,11704326,1950,1864
list-none-m,2,1000,1,6000,9079956,1513,1390
list-none-m,2,1000,1,6000,5662022,943,867
list-none-m,4,1000,1,12000,24019066,2001,4857
list-none-m,4,1000,1,12000,12669585,1055,2117
list-none-m,4,1000,1,12000,9415810,784,1270
list-none-m,8,1000,1,24000,67255182,2802,20737
list-none-m,8,1000,1,24000,33246014,1385,7809
list-none-m,8,1000,1,24000,16403465,683,2646
list-none-m,12,1000,1,36000,130293405,3619,45712
list-none-m,12,1000,1,36000,61192419,1699,18733
list-none-m,12,1000,1,36000,33135178,920,6647
list-none-s,1,1000,1,3000,2929450,976,0
list-none-s,1,1000,1,3000,2320604,773,0
list-none-s,1,1000,1,3000,1692268,564,0
list-none-s,2,1000,1,6000,9686769,1614,0
list-none-s,2,1000,1,6000,6755513,1125,0
list-none-s,2,1000,1,6000,4692545,782,0
list-none-s,4,1000,1,12000,17841598,1486,0
list-none-s,4,1000,1,12000,8864538,738,0
list-none-s,4,1000,1,12000,6360844,530,0
list-none-s,8,1000,1,24000,51033631,2126,0
list-none-s,8,1000,1,24000,42336176,1764,0
list-none-s,8,1000,1,24000,10952234,456,0
list-none-s,12,1000,1,36000,88187582,2449,0
list-none-s,12,1000,1,36000,44678718,1241,0
list-none-s,12,1000,1,36000,15086133,419,0
list-none-m,1,1000,1,3000,3728026,1242,38
list-none-m,2,1000,1,6000,11059308,1843,1873
list-none-m,4,1000,1,12000,49760467,4146,17340
list-none-m,8,1000,1,24000,189983015,7915,62708
list-none-m,12,1000,1,36000,422248365,11729,127884
list-none-m,16,1000,1,48000,755201030,15733,252344
list-none-m,24,1000,1,72000,1805625440,25078,648471
list-none-s,1,1000,1,3000,3602281,1200,0
list-none-s,2,1000,1,6000,9698845,1616,0
list-none-s,4,1000,1,12000,43659652,3638,0
list-none-s,8,1000,1,24000,222288686,9262,0
list-none-s,12,1000,1,36000,297489291,8263,0
list-none-s,16,1000,1,48000,418473492,8718,0
list-none-s,24,1000,1,72000,919531630,12771,0
list-id-none,1,1,1,3,131072,43690,0
list-id-none,1,2,1,6,127022,21170,0
list-id-none,1,4,1,12,124913,10409,0
list-id-none,1,8,1,24,131362,5473,0
list-id-none,1,16,1,48,143503,2989,0
list-id-none,4,1,1,12,156787,13065,0
list-id-none,4,2,1,24,179509,7479,0
list-id-none,4,4,1,48,156527,3260,0
list-id-none,4,8,1,96,164993,1718,0
list-id-none,8,1,1,24,292410,12183,0
list-id-none,8,2,1,48,282458,5884,0
list-id-none,8,4,1,96,297937,3103,0
list-id-none,8,8,1,192,299442,1559,0
list-id-none,12,1,1,36,381691,10602,0
list-id-none,12,2,1,72,352110,4890,0
list-id-none,12,4,1,144,386543,2684,0
list-id-none,16,1,1,48,479485,9989,0
list-id-none,16,2,1,96,475921,4957,0
list-id-none,16,4,1,192,467714,2436,0
list-id-none,16,8,1,384,506622,1319,0
list-id-s,1,10,1,30,122642,4088,0
list-id-s,1,20,1,60,162383,2706,0
list-id-s,1,40,1,120,151647,1263,0
list-id-s,1,80,1,240,282364,1176,0
list-id-s,4,10,1,120,204105,1700,0
list-id-s,4,20,1,240,263764,1099,0
list-id-s,4,40,1,480,375950,783,0
list-id-s,4,80,1,960,706101,735,0
list-id-s,8,10,1,240,290758,1211,0
list-id-s,8,20,1,480,417611,870,0
list-id-s,8,40,1,960,702056,731,0
list-id-s,8,80,1,1920,1308474,681,0
list-id-s,12,10,1,360,385011,1069,0
list-id-s,12,20,1,720,570730,792,0
list-id-s,12,40,1,1440,1069673,742,0
list-id-s,12,80,1,2880,2472822,858,0
list-id-s,16,10,1,480,513097,1068,0
list-id-s,16,20,1,960,724813,755,0
list-id-s,16,40,1,1920,1799832,937,0
list-id-s,16,80,1,3840,3796216,988,0
list-id-m,1,10,1,30,145061,4835,135
list-id-m,1,20,1,60,151110,2518,81
list-id-m,1,40,1,120,175269,1460,62
list-id-m,1,80,1,240,241608,1006,48
list-id-m,4,10,1,120,239065,1992,2946
list-id-m,4,20,1,240,283593,1181,1570
list-id-m,4,40,1,480,461480,961,1804
list-id-m,4,80,1,960,831359,865,1826
list-id-m,8,10,1,240,366411,1526,3585
list-id-m,8,20,1,480,500984,1043,3887
list-id-m,8,40,1,960,855567,891,4207
list-id-m,8,80,1,1920,1746048,909,5369
list-id-m,12,10,1,360,439380,1220,4257
list-id-m,12,20,1,720,701806,974,5822
list-id-m,12,40,1,1440,1294421,898,8017
list-id-m,12,80,1,2880,2745197,953,10373
list-id-m,16,10,1,480,529169,1102,2594
list-id-m,16,20,1,960,960523,1000,9170
list-id-m,16,40,1,1920,1705090,888,11139
list-id-m,16,80,1,3840,3596955,936,14813
list-none-m,1,1000,1,3000,1306945,435,37
list-none-m,1,1000,1,3000,890023,296,37
list-none-m,1,1000,1,3000,600046,200,44
list-none-m,2,1000,1,6000,6406116,1067,831
list-none-m,2,1000,1,6000,4384286,730,452
list-none-m,2,1000,1,6000,3109868,518,287
list-none-m,4,1000,1,12000,14489974,1207,3132
list-none-m,4,1000,1,12000,8621274,718,1327
list-none-m,4,1000,1,12000,5764768,480,662
list-none-m,8,1000,1,24000,45725065,1905,14142
list-none-m,8,1000,1,24000,20104924,837,4434
list-none-m,8,1000,1,24000,10912666,454,1651
list-none-m,12,1000,1,36000,94052827,2612,33998
list-none-m,12,1000,1,36000,38164995,1060,10444
list-none-m,12,1000,1,36000,18499376,513,3364
list-none-s,1,1000,1,3000,1254785,418,0
list-none-s,1,1000,1,3000,706719,235,0
list-none-s,1,1000,1,3000,529985,176,0
list-none-s,2,1000,1,6000,8862786,1477,0
list-none-s,2,1000,1,6000,4555690,759,0
list-none-s,2,1000,1,6000,3186643,531,0
list-none-s,4,1000,1,12000,13861355,1155,0
list-none-s,4,1000,1,12000,7017389,584,0
list-none-s,4,1000,1,12000,4641528,386,0
list-none-s,8,1000,1,24000,34035938,1418,0
list-none-s,8,1000,1,24000,14467907,602,0
list-none-s,8,1000,1,24000,7010058,292,0
list-none-s,12,1000,1,36000,76799991,2133,0
list-none-s,12,1000,1,36000,28120374,781,0
list-none-s,12,1000,1,36000,11904740,330,0
list-none-m,1,1000,1,3000,3896160,1298,36
list-none-m,2,1000,1,6000,17560632,2926,4334
list-none-m,4,1000,1,12000,49799647,4149,14568
list-none-m,8,1000,1,24000,189361012,7890,59674
list-none-m,12,1000,1,36000,458000063,12722,145865
list-none-m,16,1000,1,48000,782361092,16299,280377
list-none-m,24,1000,1,72000,1732351516,24060,609019
list-none-s,1,1000,1,3000,3694362,1231,0
list-none-s,2,1000,1,6000,10147938,1691,0
list-none-s,4,1000,1,12000,32355254,2696,0
list-none-s,8,1000,1,24000,142086644,5920,0
list-none-s,12,1000,1,36000,327855817,9107,0
list-none-s,16,1000,1,48000,618592831,12887,0
list-none-s,24,1000,1,72000,1371604806,19050,0
list-id-none,1,1,1,3,130447,43482,0
list-id-none,1,2,1,6,96917,16152,0
list-id-none,1,4,1,12,108708,9059,0
list-id-none,1,8,1,24,105198,4383,0
list-id-none,1,16,1,48,176928,3686,0
list-id-none,4,1,1,12,178935,14911,0
list-id-none,4,2,1,24,172468,7186,0
list-id-none,4,4,1,48,139176,2899,0
list-id-none,4,8,1,96,194372,2024,0
list-id-none,8,1,1,24,276440,11518,0
list-id-none,8,2,1,48,280162,5836,0
list-id-none,8,4,1,96,311019,3239,0
list-id-none,8,8,1,192,302108,1573,0
list-id-none,12,1,1,36,390664,10851,0
list-id-none,12,2,1,72,406638,5647,0
list-id-none,12,4,1,144,408837,2839,0
list-id-none,12,8,1,288,411100,1427,0
list-id-none,16,1,1,48,531896,11081,0
list-id-none,16,2,1,96,478730,4986,0
list-id-s,1,10,1,30,127475,4249,0
list-id-s,1,20,1,60,180933,3015,0
list-id-s,1,40,1,120,186368,1553,0
list-id-s,1,80,1,240,245282,1022,0
list-id-s,4,10,1,120,193943,1616,0
list-id-s,4,20,1,240,208510,868,0
list-id-s,4,40,1,480,387252,806,0
list-id-s,4,80,1,960,719201,749,0
list-id-s,8,10,1,240,299681,1248,0
list-id-s,8,20,1,480,357671,745,0
list-id-s,8,40,1,960,656336,683,0
list-id-s,8,80,1,1920,1405021,731,0
list-id-s,12,10,1,360,395287,1098,0
list-id-s,12,20,1,720,581059,807,0
list-id-s,12,40,1,1440,1135389,788,0
list-id-s,12,80,1,2880,2483020,862,0
list-id-s,16,10,1,480,557890,1162,0
list-id-s,16,20,1,960,734331,764,0
list-id-s,16,40,1,1920,1608964,838,0
list-id-s,16,80,1,3840,3845002,1001,0
list-id-m,1,10,1,30,143681,4789,135
list-id-m,1,20,1,60,125513,2091,84
list-id-m,1,40,1,120,267393,2228,60
list-id-m,1,80,1,240,258442,1076,48
list-id-m,4,10,1,120,229616,1913,2002
list-id-m,4,20,1,240,332658,1386,1624
list-id-m,4,40,1,480,561662,1170,2351
list-id-m,4,80,1,960,941642,980,2338
list-id-m,8,10,1,240,387844,1616,3501
list-id-m,8,20,1,480,543317,1131,4081
list-id-m,8,40,1,960,880464,917,4886
list-id-m,8,80,1,1920,1688078,879,5365
list-id-m,12,10,1,360,433655,1204,3303
list-id-m,12,20,1,720,692233,961,5994
list-id-m,12,40,1,1440,1332553,925,8006
list-id-m,12,80,1,2880,2617070,908,10153
list-id-m,16,10,1,480,527835,1099,2896
list-id-m,16,20,1,960,923802,962,9600
list-id-m,16,40,1,1920,1820712,948,12499
list-id-m,16,80,1,3840,3404781,886,13615
list-none-m,1,1000,1,3000,1376204,458,37
list-none-m,1,1000,1,3000,905641,301,37
list-none-m,1,1000,1,3000,608697,202,36
list-none-m,2,1000,1,6000,6425959,1070,856
list-none-m,2,1000,1,6000,4624148,770,508
list-none-m,2,1000,1,6000,3073354,512,268
list-none-m,4,1000,1,12000,15159836,1263,3296
list-none-m,4,1000,1,12000,8474383,706,1293
list-none-m,4,1000,1,12000,5328381,444,600
list-none-m,8,1000,1,24000,41720239,1738,12902
list-none-m,8,1000,1,24000,19951307,831,4420
list-none-m,8,1000,1,24000,11071810,461,1637
list-none-m,12,1000,1,36000,98229560,2728,35513
list-none-m,12,1000,1,36000,38882058,1080,10843
list-none-m,12,1000,1,36000,18537535,514,3409
list-none-s,1,1000,1,3000,1188226,396,0
list-none-s,1,1000,1,3000,732312,244,0
list-none-s,1,1000,1,3000,545215,181,0
list-none-s,2,1000,1,6000,7861680,1310,0
list-none-s,2,1000,1,6000,4714403,785,0
list-none-s,2,1000,1,6000,2809703,468,0
list-none-s,4,1000,1,12000,13280293,1106,0
list-none-s,4,1000,1,12000,7617120,634,0
list-none-s,4,1000,1,12000,4193318,349,0
list-none-s,8,1000,1,24000,35236024,1468,0
list-none-s,8,1000,1,24000,14696683,612,0
list-none-s,8,1000,1,24000,6879543,286,0
list-none-s,12,1000,1,36000,78308687,2175,0
list-none-s,12,1000,1,36000,28144058,781,0
list-none-s,12,1000,1,36000,12037288,334,0
list-none-m,1,1000,1,3000,3722057,1240,43
list-none-m,2,1000,1,6000,16165743,2694,3999
list-none-m,4,1000,1,12000,49803446,4150,14591
list-none-m,8,1000,1,24000,200953075,8373,62190
list-none-m,12,1000,1,36000,422294176,11730,143221
list-none-m,16,1000,1,48000,807601087,16825,335012
list-none-m,24,1000,1,72000,1841045695,25570,688711
list-none-s,1,1000,1,3000,3667198,1222,0
list-none-s,2,1000,1,6000,9725708,1620,0
list-none-s,4,1000,1,12000,38830926,3235,0
list-none-s,8,1000,1,24000,124869719,5202,0
list-none-s,12,1000,1,36000,282069616,7835,0
list-none-s,16,1000,1,48000,628272148,13089,0
list-none-s,24,1000,1,72000,840362685,11671,0
list-id-none,1,1,1,3,127124,42374,0
list-id-none,1,2,1,6,128432,21405,0
list-id-none,1,4,1,12,128206,10683,0
list-id-none,1,8,1,24,136682,5695,0
list-id-none,1,16,1,48,146158,3044,0
list-id-none,4,1,1,12,167703,13975,0
list-id-none,4,2,1,24,171848,7160,0
list-id-none,4,4,1,48,131261,2734,0
list-id-none,8,2,1,48,304687,6347,0
list-id-none,8,8,1,192,289080,1505,0
list-id-none,12,1,1,36,405936,11276,0
list-id-none,12,2,1,72,336246,4670,0
list-id-none,12,4,1,144,361087,2507,0
list-id-none,12,8,1,288,370157,1285,0
list-id-none,16,1,1,48,528174,11003,0
list-id-none,16,2,1,96,513640,5350,0
list-id-none,16,8,1,384,493918,1286,0
list-id-s,1,10,1,30,137720,4590,0
list-id-s,1,20,1,60,152202,2536,0
list-id-s,1,40,1,120,161742,1347,0
list-id-s,1,80,1,240,245938,1024,0
list-id-s,4,10,1,120,206714,1722,0
list-id-s,4,20,1,240,246017,1025,0
list-id-s,4,40,1,480,368413,767,0
list-id-s,4,80,1,960,654672,681,0
list-id-s,8,10,1,240,336704,1402,0
list-id-s,8,20,1,480,409075,852,0
list-id-s,8,40,1,960,708460,737,0
list-id-s,8,80,1,1920,1406118,732,0
list-id-s,12,10,1,360,407702,1132,0
list-id-s,12,20,1,720,565109,784,0
list-id-s,12,40,1,1440,1048213,727,0
list-id-s,12,80,1,2880,2407913,836,0
list-id-s,16,10,1,480,498767,1039,0
list-id-s,16,20,1,960,600249,625,0
list-id-s,16,40,1,1920,1600405,833,0
list-id-s,16,80,1,3840,3722380,969,0
list-id-m,1,10,1,30,142306,4743,129
list-id-m,1,20,1,60,162370,2706,81
list-id-m,1,40,1,120,226410,1886,61
list-id-m,1,80,1,240,248282,1034,47
list-id-m,4,10,1,120,231362,1928,1632
list-id-m,4,20,1,240,303037,1262,1580
list-id-m,4,40,1,480,551213,1148,2008
list-id-m,4,80,1,960,951924,991,2133
list-id-m,8,10,1,240,389392,1622,6038
list-id-m,8,20,1,480,529083,1102,3878
list-id-m,8,40,1,960,878906,915,4591
list-id-m,8,80,1,1920,1671842,870,5304
list-id-m,12,10,1,360,495234,1375,4202
list-id-m,12,20,1,720,771948,1072,7216
list-id-m,12,40,1,1440,1217956,845,7508
list-id-m,12,80,1,2880,2629405,912,9857
list-id-m,16,10,1,480,600783,1251,5367
list-id-m,16,20,1,960,938593,977,8097
list-id-m,16,40,1,1920,1665880,867,10734
list-id-m,16,80,1,3840,3634333,946,14938
list-none-m,1,1000,1,3000,1327837,442,37
list-none-m,1,1000,1,3000,853322,284,37
list-none-m,1,1000,1,3000,602029,200,37
list-none-m,2,1000,1,6000,6288183,1048,857
list-none-m,2,1000,1,6000,4536623,756,446
list-none-m,2,1000,1,6000,3098746,516,277
list-none-m,4,1000,1,12000,14751005,1229,3235
list-none-m,4,1000,1,12000,8599467,716,1318
list-none-m,4,1000,1,12000,5297739,441,582
list-none-m,8,1000,1,24000,44662068,1860,13877
list-none-m,8,1000,1,24000,21171203,882,4714
list-none-m,8,1000,1,24000,10986630,457,1609
list-none-m,12,1000,1,36000,91510911,2541,32802
list-none-m,12,1000,1,36000,36931354,1025,10073
list-none-m,12,1000,1,36000,17558261,487,3195
list-none-s,1,1000,1,3000,1115284,371,0
list-none-s,1,1000,1,3000,716035,238,0
list-none-s,1,1000,1,3000,463968,154,0
list-none-s,2,1000,1,6000,7336830,1222,0
list-none-s,2,1000,1,6000,4381080,730,0
list-none-s,2,1000,1,6000,2731845,455,0
list-none-s,4,1000,1,12000,15237399,1269,0
list-none-s,4,1000,1,12000,7845611,653,0
list-none-s,4,1000,1,12000,4000278,333,0
list-none-s,8,1000,1,24000,35605901,1483,0
list-none-s,8,1000,1,24000,13981388,582,0
list-none-s,8,1000,1,24000,7149329,297,0
list-none-s,12,1000,1,36000,80224161,2228,0
list-none-s,12,1000,1,36000,27257341,757,0
list-none-s,12,1000,1,36000,11820743,328,0
list-none-m,1,1000,1,3000,3997319,1332,38
list-none-m,2,1000,1,6000,15511794,2585,3480
list-none-m,4,1000,1,12000,42871009,3572,12100
list-none-m,8,1000,1,24000,184256436,7677,54862
list-none-m,12,1000,1,36000,443384262,12316,146570
list-none-m,16,1000,1,48000,793848223,16538,283602
list-none-m,24,1000,1,72000,1697874754,23581,613311
list-none-s,1,1000,1,3000,3831534,1277,0
list-none-s,2,1000,1,6000,12029051,2004,0
list-none-s,4,1000,1,12000,38241545,3186,0
list-none-s,8,1000,1,24000,192949127,8039,0
list-none-s,12,1000,1,36000,249356455,6926,0
list-none-s,16,1000,1,48000,581155386,12107,0
list-none-s,24,1000,1,72000,1611733263,22385,0
list-id-none,1,1,4,3,134037,44679,0
list-id-none,1,2,4,6,173258,28876,0
list-id-none,1,4,4,12,121972,10164,0
list-id-none,1,8,4,24,178865,7452,0
list-id-none,1,16,4,48,116935,2436,0
list-id-none,4,1,4,12,156601,13050,0
list-id-none,4,2,4,24,178882,7453,0
list-id-none,4,4,4,48,163990,3416,0
list-id-none,8,1,4,24,257685,10736,0
list-id-none,8,2,4,48,254827,5308,0
list-id-none,8,4,4,96,281227,2929,0
list-id-none,8,8,4,192,271637,1414,0
list-id-none,12,1,4,36,428337,11898,0
list-id-none,12,2,4,72,443122,6154,0
list-id-none,12,4,4,144,358621,2490,0
list-id-none,16,1,4,48,529904,11039,0
list-id-none,16,2,4,96,509564,5307,0
list-id-s,1,10,4,30,109900,3663,0
list-id-s,1,20,4,60,152783,2546,0
list-id-s,1,40,4,120,184409,1536,0
list-id-s,1,80,4,240,267592,1114,0
list-id-s,4,10,4,120,197762,1648,0
list-id-s,4,20,4,240,194591,810,0
list-id-s,4,40,4,480,376540,784,0
list-id-s,4,80,4,960,637352,663,0
list-id-s,8,10,4,240,313532,1306,0
list-id-s,8,20,4,480,350680,730,0
list-id-s,8,40,4,960,706182,735,0
list-id-s,8,80,4,1920,1517082,790,0
list-id-s,12,10,4,360,437744,1215,0
list-id-s,12,20,4,720,517621,718,0
list-id-s,12,40,4,1440,1019830,708,0
list-id-s,12,80,4,2880,2374473,824,0
list-id-s,16,10,4,480,494468,1030,0
list-id-s,16,20,4,960,629225,655,0
list-id-s,16,40,4,1920,1498597,780,0
list-id-s,16,80,4,3840,3693300,961,0
list-id-m,1,10,4,30,143888,4796,127
list-id-m,1,20,4,60,150852,2514,83
list-id-m,1,40,4,120,161822,1348,61
list-id-m,1,80,4,240,251812,1049,49
list-id-m,4,10,4,120,197095,1642,1814
list-id-m,4,20,4,240,279443,1164,1874
list-id-m,4,40,4,480,493506,1028,2126
list-id-m,4,80,4,960,914185,952,2019
list-id-m,8,10,4,240,380141,1583,3830
list-id-m,8,20,4,480,570933,1189,4303
list-id-m,8,40,4,960,859723,895,4680
list-id-m,8,80,4,1920,1681338,875,5069
list-id-m,12,10,4,360,446588,1240,3604
list-id-m,12,20,4,720,731364,1015,6677
list-id-m,12,40,4,1440,1381410,959,8369
list-id-m,12,80,4,2880,2586207,897,9253
list-id-m,16,10,4,480,556213,1158,4017
list-id-m,16,20,4,960,953616,993,8513
list-id-m,16,40,4,1920,1663064,866,11709
list-id-m,16,80,4,3840,3683001,959,15234
list-none-m,1,1000,4,3000,1349643,449,37
list-none-m,1,1000,8,3000,825089,275,37
list-none-m,1,1000,16,3000,716624,238,37
list-none-m,2,1000,4,6000,6564657,1094,893
list-none-m,2,1000,8,6000,4345847,724,461
list-none-m,2,1000,16,6000,3144415,524,260
list-none-m,4,1000,4,12000,14865068,1238,3213
list-none-m,4,1000,8,12000,8647474,720,1297
list-none-m,4,1000,16,12000,5480325,456,587
list-none-m,8,1000,4,24000,47093027,1962,14621
list-none-m,8,1000,8,24000,20380873,849,4581
list-none-m,8,1000,16,24000,10822291,450,1599
list-none-m,12,1000,4,36000,93824242,2606,33848
list-none-m,12,1000,8,36000,38576472,1071,10615
list-none-m,12,1000,16,36000,18959979,526,3466
list-none-s,1,1000,4,3000,1153788,384,0
list-none-s,1,1000,8,3000,691849,230,0
list-none-s,1,1000,16,3000,584814,194,0
list-none-s,2,1000,4,6000,7679544,1279,0
list-none-s,2,1000,8,6000,4369401,728,0
list-none-s,2,1000,16,6000,3008418,501,0
list-none-s,4,1000,4,12000,13438947,1119,0
list-none-s,4,1000,8,12000,7580530,631,0
list-none-s,4,1000,16,12000,4182595,348,0
list-none-s,8,1000,4,24000,35683701,1486,0
list-none-s,8,1000,8,24000,14547552,606,0
list-none-s,8,1000,16,24000,6859785,285,0
list-none-s,12,1000,4,36000,77972973,2165,0
list-none-s,12,1000,8,36000,27136525,753,0
list-none-s,12,1000,16,36000,12002056,333,0
list-none-m,1,1000,1,3000,4043623,1347,37
list-none-m,2,1000,1,6000,17923774,2987,4440
list-none-m,4,1000,1,12000,50048772,4170,14632
list-none-m,8,1000,1,24000,186518070,7771,66109
list-none-m,12,1000,1,36000,452191458,12560,146801
list-none-m,16,1000,1,48000,803569545,16741,272991
list-none-m,24,1000,1,72000,1724075115,23945,684137
list-none-s,1,1000,1,3000,3907659,1302,0
list-none-s,2,1000,1,6000,9421840,1570,0
list-none-s,4,1000,1,12000,53814865,4484,0
list-none-s,8,1000,1,24000,138588752,5774,0
list-none-s,12,1000,1,36000,305269683,8479,0
list-none-s,16,1000,1,48000,447830233,9329,0
list-none-s,24,1000,1,72000,853760058,11857,0
list-id-none,1,1,4,3,175103,58367,0
list-id-none,1,2,4,6,109269,18211,0
list-id-none,1,4,4,12,98616,8218,0
list-id-none,1,8,4,24,175108,7296,0
list-id-none,1,16,4,48,149684,3118,0
list-id-none,4,1,4,12,150634,12552,0
list-id-none,4,2,4,24,181300,7554,0
list-id-none,4,4,4,48,197443,4113,0
list-id-none,8,1,4,24,272869,11369,0
list-id-none,8,2,4,48,248991,5187,0
list-id-none,8,4,4,96,288057,3000,0
list-id-none,8,8,4,192,262823,1368,0
list-id-none,12,1,4,36,348935,9692,0
list-id-none,12,2,4,72,1563556,21716,0
list-id-none,12,4,4,144,377987,2624,0
list-id-none,16,1,4,48,556585,11595,0
list-id-none,16,2,4,96,468842,4883,0
list-id-none,16,4,4,192,457127,2380,0
list-id-none,16,8,4,384,486820,1267,0
list-id-s,1,10,4,30,120452,4015,0
list-id-s,1,20,4,60,149816,2496,0
list-id-s,1,40,4,120,178967,1491,0
list-id-s,1,80,4,240,239541,998,0
list-id-s,4,10,4,120,153931,1282,0
list-id-s,4,20,4,240,252258,1051,0
list-id-s,4,40,4,480,394845,822,0
list-id-s,4,80,4,960,716276,746,0
list-id-s,8,10,4,240,234929,978,0
list-id-s,8,20,4,480,377553,786,0
list-id-s,8,40,4,960,646262,673,0
list-id-s,8,80,4,1920,2805645,1461,0
list-id-s,12,10,4,360,397814,1105,0
list-id-s,12,20,4,720,583483,810,0
list-id-s,12,40,4,1440,1055198,732,0
list-id-s,12,80,4,2880,2340040,812,0
list-id-s,16,10,4,480,552876,1151,0
list-id-s,16,20,4,960,630901,657,0
list-id-s,16,40,4,1920,1486710,774,0
list-id-s,16,80,4,3840,3675404,957,0
list-id-m,1,10,4,30,131405,4380,127
list-id-m,1,20,4,60,156067,2601,79
list-id-m,1,40,4,120,185705,1547,56
list-id-m,1,80,4,240,259213,1080,48
list-id-m,4,10,4,120,238794,1989,1385
list-id-m,4,20,4,240,325665,1356,1734
list-id-m,4,40,4,480,523740,1091,2119
list-id-m,4,80,4,960,860325,896,1795
list-id-m,8,10,4,240,361158,1504,2892
list-id-m,8,20,4,480,537346,1119,3967
list-id-m,8,40,4,960,891717,928,4756
list-id-m,8,80,4,1920,1720839,896,4952
list-id-m,12,10,4,360,508201,1411,5515
list-id-m,12,20,4,720,768977,1068,7818
list-id-m,12,40,4,1440,1405979,976,9148
list-id-m,12,80,4,2880,2681833,931,9672
list-id-m,16,10,4,480,574240,1196,5410
list-id-m,16,20,4,960,1047705,1091,11983
list-id-m,16,40,4,1920,1818723,947,12342
list-id-m,16,80,4,3840,3630915,945,14557
list-none-m,1,1000,4,3000,1305877,435,38
list-none-m,1,1000,8,3000,846558,282,37
list-none-m,1,1000,16,3000,692037,230,37
list-none-m,2,1000,4,6000,6397588,1066,862
list-none-m,2,1000,8,6000,4177750,696,453
list-none-m,2,1000,16,6000,3146635,524,285
list-none-m,4,1000,4,12000,14714520,1226,3170
list-none-m,4,1000,8,12000,8269116,689,1225
list-none-m,4,1000,16,12000,5550355,462,614
list-none-m,8,1000,4,24000,44454528,1852,13849
list-none-m,8,1000,8,24000,19619135,817,4323
list-none-m,8,1000,16,24000,11011726,458,1656
list-none-m,12,1000,4,36000,95758567,2659,34673
list-none-m,12,1000,8,36000,37411916,1039,10125
list-none-m,12,1000,16,36000,18194356,505,3327
list-none-s,1,1000,4,3000,1222885,407,0
list-none-s,1,1000,8,3000,732649,244,0
list-none-s,1,1000,16,3000,473296,157,0
list-none-s,2,1000,4,6000,7446442,1241,0
list-none-s,2,1000,8,6000,4870348,811,0
list-none-s,2,1000,16,6000,2503709,417,0
list-none-s,4,1000,4,12000,13688017,1140,0
list-none-s,4,1000,8,12000,7610710,634,0
list-none-s,4,1000,16,12000,4282505,356,0
list-none-s,8,1000,4,24000,34390037,1432,0
list-none-s,8,1000,8,24000,14340100,597,0
list-none-s,8,1000,16,24000,7089208,295,0
list-none-s,12,1000,4,36000,76417738,2122,0
list-none-s,12,1000,8,36000,27513199,764,0
list-none-s,12,1000,16,36000,11745238,326,0
list-none-m,1,1000,1,3000,4022303,1340,37
list-none-m,2,1000,1,6000,16364186,2727,4062
list-none-m,4,1000,1,12000,50657842,4221,14871
list-none-m,8,1000,1,24000,199517690,8313,65114
list-none-m,12,1000,1,36000,436144055,12115,155768
list-none-m,16,1000,1,48000,819952411,17082,282853
list-none-m,24,1000,1,72000,1984722841,27565,767325
list-none-s,1,1000,1,3000,3875004,1291,0
list-none-s,2,1000,1,6000,10170132,1695,0
list-none-s,4,1000,1,12000,54738369,4561,0
list-none-s,8,1000,1,24000,118852166,4952,0
list-none-s,12,1000,1,36000,470725290,13075,0
list-none-s,16,1000,1,48000,402181445,8378,0
list-none-s,24,1000,1,72000,1099171043,15266,0
list-id-none,1,1,4,3,133802,44600,0
list-id-none,1,2,4,6,157577,26262,0
list-id-none,1,4,4,12,129658,10804,0
list-id-none,1,8,4,24,124791,5199,0
list-id-none,1,16,4,48,140995,2937,0
list-id-none,4,1,4,12,176090,14674,0
list-id-none,4,2,4,24,131531,5480,0
list-id-none,4,4,4,48,126116,2627,0
list-id-none,4,8,4,96,187825,1956,0
list-id-none,8,1,4,24,262345,10931,0
list-id-none,8,4,4,96,269251,2804,0
list-id-none,8,8,4,192,253646,1321,0
list-id-none,12,1,4,36,426502,11847,0
list-id-none,12,2,4,72,433514,6021,0
list-id-none,12,4,4,144,399065,2771,0
list-id-none,12,8,4,288,407324,1414,0
list-id-none,16,2,4,96,490659,5111,0
list-id-none,16,8,4,384,497890,1296,0
list-id-s,1,10,4,30,117949,3931,0
list-id-s,1,20,4,60,156285,2604,0
list-id-s,1,40,4,120,184345,1536,0
list-id-s,1,80,4,240,242560,1010,0
list-id-s,4,10,4,120,194603,1621,0
list-id-s,4,20,4,240,248801,1036,0
list-id-s,4,40,4,480,388145,808,0
list-id-s,4,80,4,960,634483,660,0
list-id-s,8,10,4,240,313435,1305,0
list-id-s,8,20,4,480,436376,909,0
list-id-s,8,40,4,960,740192,771,0
list-id-s,8,80,4,1920,1381902,719,0
list-id-s,12,10,4,360,374339,1039,0
list-id-s,12,20,4,720,540091,750,0
list-id-s,12,40,4,1440,1056569,733,0
list-id-s,12,80,4,2880,2339538,812,0
list-id-s,16,10,4,480,547162,1139,0
list-id-s,16,20,4,960,812845,846,0
list-id-s,16,40,4,1920,1414230,736,0
list-id-s,16,80,4,3840,3679943,958,0
list-id-m,1,10,4,30,157206,5240,126
list-id-m,1,20,4,60,130303,2171,85
list-id-m,1,40,4,120,188753,1572,59
list-id-m,1,80,4,240,232242,967,49
list-id-m,4,10,4,120,182255,1518,1164
list-id-m,4,20,4,240,272695,1136,1772
list-id-m,4,40,4,480,509655,1061,2029
list-id-m,4,80,4,960,857680,893,2074
list-id-m,8,10,4,240,367729,1532,3485
list-id-m,8,20,4,480,563969,1174,4361
list-id-m,8,40,4,960,891388,928,4568
list-id-m,8,80,4,1920,1774460,924,5445
list-id-m,12,10,4,360,1198592,3329,5131
list-id-m,12,20,4,720,781223,1085,7689
list-id-m,12,40,4,1440,1374938,954,8224
list-id-m,12,80,4,2880,2646669,918,9374
list-id-m,16,10,4,480,589132,1227,5692
list-id-m,16,20,4,960,913501,951,8083
list-id-m,16,40,4,1920,1776072,925,11671
list-id-m,16,80,4,3840,3507689,913,13982
list-none-m,1,1000,4,3000,1368571,456,37
list-none-m,1,1000,8,3000,921057,307,37
list-none-m,1,1000,16,3000,659482,219,37
list-none-m,2,1000,4,6000,6390009,1065,871
list-none-m,2,1000,8,6000,4569043,761,490
list-none-m,2,1000,16,6000,3098701,516,294
list-none-m,4,1000,4,12000,15025259,1252,3222
list-none-m,4,1000,8,12000,8327420,693,1275
list-none-m,4,1000,16,12000,5470012,455,610
list-none-m,8,1000,4,24000,46378472,1932,14429
list-none-m,8,1000,8,24000,20989361,874,4744
list-none-m,8,1000,16,24000,10740891,447,1630
list-none-m,12,1000,4,36000,95153560,2643,34417
list-none-m,12,1000,8,36000,37481835,1041,10296
list-none-m,12,1000,16,36000,17787562,494,3305
list-none-s,1,1000,4,3000,1210651,403,0
list-none-s,1,1000,8,3000,777526,259,0
list-none-s,1,1000,16,3000,492199,164,0
list-none-s,2,1000,4,6000,7416064,1236,0
list-none-s,2,1000,8,6000,4401968,733,0
list-none-s,2,1000,16,6000,2312866,385,0
list-none-s,4,1000,4,12000,12876539,1073,0
list-none-s,4,1000,8,12000,6816279,568,0
list-none-s,4,1000,16,12000,4356546,363,0
list-none-s,8,1000,4,24000,34196333,1424,0
list-none-s,8,1000,8,24000,14769771,615,0
list-none-s,8,1000,16,24000,7054302,293,0
list-none-s,12,1000,4,36000,79807799,2216,0
list-none-s,12,1000,8,36000,27086517,752,0
list-none-s,12,1000,16,36000,11772631,327,0
list-none-m,1,1000,1,3000,3965763,1321,36
list-none-m,2,1000,1,6000,15232449,2538,3615
list-none-m,4,1000,1,12000,48475884,4039,13783
list-none-m,8,1000,1,24000,189887786,7911,62531
list-none-m,12,1000,1,36000,458548030,12737,157671
list-none-m,16,1000,1,48000,753861281,15705,254333
list-none-m,24,1000,1,72000,1723769110,23941,581182
list-none-s,1,1000,1,3000,3910679,1303,0
list-none-s,2,1000,1,6000,9460106,1576,0
list-none-s,4,1000,1,12000,51645703,4303,0
list-none-s,8,1000,1,24000,108533021,4522,0
list-none-s,12,1000,1,36000,386550865,10737,0
list-none-s,16,1000,1,48000,385085281,8022,0
list-none-s,24,1000,1,72000,851938598,11832,0
list-id-none,1,1,4,3,131027,43675,0
list-id-none,1,2,4,6,127467,21244,0
list-id-none,1,4,4,12,97731,8144,0
list-id-none,1,8,4,24,111557,4648,0
list-id-none,1,16,4,48,161715,3369,0
list-id-none,4,1,4,12,179062,14921,0
list-id-none,4,2,4,24,165756,6906,0
list-id-none,4,4,4,48,1316080,27418,0
list-id-none,8,1,4,24,299692,12487,0
list-id-none,8,2,4,48,275925,5748,0
list-id-none,12,1,4,36,383848,10662,0
list-id-none,12,2,4,72,325251,4517,0
list-id-none,12,4,4,144,359833,2498,0
list-id-none,16,1,4,48,534303,11131,0
list-id-none,16,2,4,96,498893,5196,0
list-id-none,16,4,4,192,540710,2816,0
list-id-none,16,8,4,384,516506,1345,0
list-id-s,1,10,4,30,119097,3969,0
list-id-s,1,20,4,60,200680,3344,0
list-id-s,1,40,4,120,183658,1530,0
list-id-s,1,80,4,240,243326,1013,0
list-id-s,4,10,4,120,155833,1298,0
list-id-s,4,20,4,240,251622,1048,0
list-id-s,4,40,4,480,400092,833,0
list-id-s,4,80,4,960,722658,752,0
list-id-s,8,10,4,240,258515,1077,0
list-id-s,8,20,4,480,356381,742,0
list-id-s,8,40,4,960,695946,724,0
list-id-s,8,80,4,1920,1461556,761,0
list-id-s,12,10,4,360,401610,1115,0
list-id-s,12,20,4,720,566261,786,0
list-id-s,12,40,4,1440,1051374,730,0
list-id-s,12,80,4,2880,2426194,842,0
list-id-s,16,10,4,480,548747,1143,0
list-id-s,16,20,4,960,638734,665,0
list-id-s,16,40,4,1920,1663297,866,0
list-id-s,16,80,4,3840,3813325,993,0
list-id-m,1,10,4,30,135453,4515,140
list-id-m,1,20,4,60,149420,2490,92
list-id-m,1,40,4,120,179823,1498,59
list-id-m,1,80,4,240,225509,939,48
list-id-m,4,10,4,120,204594,1704,1773
list-id-m,4,20,4,240,311461,1297,2342
list-id-m,4,40,4,480,516065,1075,2104
list-id-m,4,80,4,960,924062,962,2171
list-id-m,8,10,4,240,355746,1482,3947
list-id-m,8,20,4,480,502468,1046,4343
list-id-m,8,40,4,960,920276,958,4846
list-id-m,8,80,4,1920,1715190,893,5046
list-id-m,12,10,4,360,477526,1326,3023
list-id-m,12,20,4,720,719911,999,6383
list-id-m,12,40,4,1440,1284504,892,8254
list-id-m,12,80,4,2880,2576282,894,9105
list-id-m,16,10,4,480,597917,1245,6267
list-id-m,16,20,4,960,973056,1013,9775
list-id-m,16,40,4,1920,1768387,921,12310
list-id-m,16,80,4,3840,3579838,932,14120
list-none-m,1,1000,4,3000,1353551,451,38
list-none-m,1,1000,8,3000,827243,275,37
list-none-m,1,1000,16,3000,707657,235,37
list-none-m,2,1000,4,6000,6579202,1096,859
list-none-m,2,1000,8,6000,4550132,758,483
list-none-m,2,1000,16,6000,3185616,530,293
list-none-m,4,1000,4,12000,14383842,1198,3198
list-none-m,4,1000,8,12000,8715715,726,1332
list-none-m,4,1000,16,12000,5433959,452,603
list-none-m,8,1000,4,24000,46026466,1917,14348
list-none-m,8,1000,8,24000,20313072,846,4626
list-none-m,8,1000,16,24000,10754413,448,1608
list-none-m,12,1000,4,36000,96078689,2668,35002
list-none-m,12,1000,8,36000,37484665,1041,10316
list-none-m,12,1000,16,36000,17899960,497,3308
list-none-s,1,1000,4,3000,1146413,382,0
list-none-s,1,1000,8,3000,718958,239,0
list-none-s,1,1000,16,3000,1171226,390,0
list-none-s,2,1000,4,6000,7479445,1246,0
list-none-s,2,1000,8,6000,4502693,750,0
list-none-s,2,1000,16,6000,3185665,530,0
list-none-s,4,1000,4,12000,12128555,1010,0
list-none-s,4,1000,8,12000,6955259,579,0
list-none-s,4,1000,16,12000,4022259,335,0
list-none-s,8,1000,4,24000,35472000,1478,0
list-none-s,8,1000,8,24000,14280067,595,0
list-none-s,8,1000,16,24000,6963701,290,0
list-none-s,12,1000,4,36000,76385359,2121,0
list-none-s,12,1000,8,36000,27116032,753,0
list-none-s,12,1000,16,36000,11764279,326,0
list-none-m,1,1000,1,3000,4075258,1358,36
list-none-m,2,1000,1,6000,12570529,2095,2143
list-none-m,4,1000,1,12000,47773603,3981,12946
list-none-m,8,1000,1,24000,195716036,8154,56802
list-none-m,12,1000,1,36000,399210880,11089,130078
list-none-m,16,1000,1,48000,747893947,15581,260146
list-none-m,24,1000,1,72000,1781385698,24741,655205
list-none-s,1,1000,1,3000,3864148,1288,0
list-none-s,2,1000,1,6000,10061250,1676,0
list-none-s,4,1000,1,12000,29747580,2478,0
list-none-s,8,1000,1,24000,186561652,7773,0
list-none-s,12,1000,1,36000,286000070,7944,0
list-none-s,16,1000,1,48000,547848347,11413,0
list-none-s,24,1000,1,72000,2196962114,30513,0
list-id-none,1,1,4,3,96769,32256,0
list-id-none,1,2,4,6,115467,19244,0
list-id-none,1,4,4,12,143139,11928,0
list-id-none,1,8,4,24,146137,6089,0
list-id-none,1,16,4,48,147033,3063,0
list-id-none,4,1,4,12,171853,14321,0
list-id-none,4,2,4,24,181592,7566,0
list-id-none,4,4,4,48,169446,3530,0
list-id-none,8,1,4,24,264627,11026,0
list-id-none,8,2,4,48,340070,7084,0
list-id-none,8,4,4,96,290628,3027,0
list-id-none,12,1,4,36,357968,9943,0
list-id-none,12,2,4,72,372896,5179,0
list-id-none,12,4,4,144,361772,2512,0
list-id-none,16,1,4,48,532036,11084,0
list-id-none,16,2,4,96,504785,5258,0
list-id-none,16,4,4,192,468375,2439,0
list-id-none,16,8,4,384,500806,1304,0
list-id-s,1,10,4,30,136081,4536,0
list-id-s,1,20,4,60,193674,3227,0
list-id-s,1,40,4,120,154657,1288,0
list-id-s,1,80,4,240,236083,983,0
list-id-s,4,10,4,120,211813,1765,0
list-id-s,4,20,4,240,256824,1070,0
list-id-s,4,40,4,480,381970,795,0
list-id-s,4,80,4,960,665665,693,0
list-id-s,8,10,4,240,263593,1098,0
list-id-s,8,20,4,480,360442,750,0
list-id-s,8,40,4,960,758563,790,0
list-id-s,8,80,4,1920,1477622,769,0
list-id-s,12,10,4,360,403017,1119,0
list-id-s,12,20,4,720,583192,809,0
list-id-s,12,40,4,1440,1027239,713,0
list-id-s,12,80,4,2880,2323598,806,0
list-id-s,16,10,4,480,507504,1057,0
list-id-s,16,20,4,960,696965,726,0
list-id-s,16,40,4,1920,1678863,874,0
list-id-s,16,80,4,3840,3600485,937,0
list-id-m,1,10,4,30,192613,6420,131
list-id-m,1,20,4,60,124180,2069,84
list-id-m,1,40,4,120,195503,1629,58
list-id-m,1,80,4,240,294127,1225,48
list-id-m,4,10,4,120,242101,2017,1887
list-id-m,4,20,4,240,344804,1436,2283
list-id-m,4,40,4,480,582215,1212,1943
list-id-m,4,80,4,960,844413,879,2064
list-id-m,8,10,4,240,375906,1566,3709
list-id-m,8,20,4,480,490033,1020,4267
list-id-m,8,40,4,960,916637,954,4917
list-id-m,8,80,4,1920,1747323,910,5507
list-id-m,12,10,4,360,511523,1420,6574
list-id-m,12,20,4,720,716790,995,6195
list-id-m,12,40,4,1440,1381950,959,8907
list-id-m,12,80,4,2880,2662413,924,9948
list-id-m,16,10,4,480,546894,1139,3931
list-id-m,16,20,4,960,955878,995,9385
list-id-m,16,40,4,1920,1768896,921,12072
list-id-m,16,80,4,3840,3656845,952,14453
list-none-m,1,1000,4,3000,1326972,442,38
list-none-m,1,1000,8,3000,863665,287,38
list-none-m,1,1000,16,3000,692853,230,38
list-none-m,2,1000,4,6000,6244654,1040,873
list-none-m,2,1000,8,6000,4329992,721,454
list-none-m,2,1000,16,6000,3191968,531,257
list-none-m,4,1000,4,12000,14692763,1224,3236
list-none-m,4,1000,8,12000,8344080,695,1294
list-none-m,4,1000,16,12000,5280068,440,557
list-none-m,8,1000,4,24000,46819196,1950,14691
list-none-m,8,1000,8,24000,20380916,849,4710
list-none-m,8,1000,16,24000,11117790,463,1692
list-none-m,12,1000,4,36000,95469852,2651,34474
list-none-m,12,1000,8,36000,39310998,1091,10909
list-none-m,12,1000,16,36000,18105477,502,3334
list-none-s,1,1000,4,3000,1204024,401,0
list-none-s,1,1000,8,3000,709343,236,0
list-none-s,1,1000,16,3000,514615,171,0
list-none-s,2,1000,4,6000,6704483,1117,0
list-none-s,2,1000,8,6000,4663223,777,0
list-none-s,2,1000,16,6000,2658073,443,0
list-none-s,4,1000,4,12000,14775448,1231,0
list-none-s,4,1000,8,12000,7157426,596,0
list-none-s,4,1000,16,12000,4333626,361,0
list-none-s,8,1000,4,24000,35926672,1496,0
list-none-s,8,1000,8,24000,14894896,620,0
list-none-s,8,1000,16,24000,6862198,285,0
list-none-s,12,1000,4,36000,78731625,2186,0
list-none-s,12,1000,8,36000,27469745,763,0
list-none-s,12,1000,16,36000,11835402,328,0
list-none-m,1,1000,1,3000,4039428,1346,36
list-none-m,2,1000,1,6000,16652513,2775,4109
list-none-m,4,1000,1,12000,51898157,4324,14541
list-none-m,8,1000,1,24000,197524591,8230,58991
list-none-m,12,1000,1,36000,429945454,11942,136200
list-none-m,16,1000,1,48000,813687984,16951,290888
list-none-m,24,1000,1,72000,1771388695,24602,663675
list-none-s,1,1000,1,3000,3853657,1284,0
list-none-s,2,1000,1,6000,11569007,1928,0
list-none-s,4,1000,1,12000,51834278,4319,0
list-none-s,8,1000,1,24000,107823254,4492,0
list-none-s,12,1000,1,36000,295823519,8217,0
list-none-s,16,1000,1,48000,634330574,13215,0
list-none-s,24,1000,1,72000,853942839,11860,0
list-id-none,1,1,4,3,127590,42530,0
list-id-none,1,2,4,6,126929,21154,0
list-id-none,1,4,4,12,131881,10990,0
list-id-none,1,8,4,24,133829,5576,0
list-id-none,1,16,4,48,149554,3115,0
list-id-none,4,1,4,12,165134,13761,0
list-id-none,4,4,4,48,172197,3587,0
list-id-none,4,8,4,96,179119,1865,0
list-id-none,8,1,4,24,271507,11312,0
list-id-none,8,2,4,48,233881,4872,0
list-id-none,8,4,4,96,270322,2815,0
list-id-none,8,8,4,192,269607,1404,0
list-id-none,12,1,4,36,408248,11340,0
list-id-none,12,2,4,72,370064,5139,0
list-id-none,12,4,4,144,388604,2698,0
list-id-none,16,1,4,48,635655,13242,0
list-id-none,16,2,4,96,477626,4975,0
list-id-s,1,10,4,30,104237,3474,0
list-id-s,1,20,4,60,161909,2698,0
list-id-s,1,40,4,120,169566,1413,0
list-id-s,1,80,4,240,235884,982,0
list-id-s,4,10,4,120,184612,1538,0
list-id-s,4,20,4,240,197043,821,0
list-id-s,4,40,4,480,357209,744,0
list-id-s,4,80,4,960,705011,734,0
list-id-s,8,10,4,240,270448,1126,0
list-id-s,8,20,4,480,368307,767,0
list-id-s,8,40,4,960,693573,722,0
list-id-s,8,80,4,1920,1358824,707,0
list-id-s,12,10,4,360,436613,1212,0
list-id-s,12,20,4,720,541916,752,0
list-id-s,12,40,4,1440,1051519,730,0
list-id-s,12,80,4,2880,2406072,835,0
list-id-s,16,10,4,480,548535,1142,0
list-id-s,16,20,4,960,702656,731,0
list-id-s,16,40,4,1920,1558490,811,0
list-id-s,16,80,4,3840,3571286,930,0
list-id-m,1,10,4,30,111103,3703,133
list-id-m,1,20,4,60,196750,3279,86
list-id-m,1,40,4,120,191653,1597,61
list-id-m,1,80,4,240,250552,1043,47
list-id-m,4,10,4,120,233290,1944,2193
list-id-m,4,20,4,240,296174,1234,1557
list-id-m,4,40,4,480,495609,1032,1839
list-id-m,4,80,4,960,901237,938,1866
list-id-m,8,10,4,240,320811,1336,2097
list-id-m,8,20,4,480,523637,1090,4030
list-id-m,8,40,4,960,885480,922,4417
list-id-m,8,80,4,1920,1749782,911,5605
list-id-m,12,10,4,360,548027,1522,5852
list-id-m,12,20,4,720,732721,1017,6917
list-id-m,12,40,4,1440,1259519,874,7312
list-id-m,12,80,4,2880,2594936,901,9494
list-id-m,16,10,4,480,574351,1196,4965
list-id-m,16,20,4,960,946218,985,8887
list-id-m,16,40,4,1920,1787519,930,12699
list-id-m,16,80,4,3840,3579209,932,14594
list-none-m,1,1000,4,3000,1306552,435,38
list-none-m,1,1000,8,3000,824132,274,37
list-none-m,1,1000,16,3000,717633,239,37
list-none-m,2,1000,4,6000,6510124,1085,930
list-none-m,2,1000,8,6000,4379995,729,471
list-none-m,2,1000,16,6000,3386253,564,295
list-none-m,4,1000,4,12000,14973429,1247,3300
list-none-m,4,1000,8,12000,8360585,696,1221
list-none-m,4,1000,16,12000,5529560,460,578
list-none-m,8,1000,4,24000,45320251,1888,14145
list-none-m,8,1000,8,24000,20804395,866,4685
list-none-m,8,1000,16,24000,10982149,457,1637
list-none-m,12,1000,4,36000,93138853,2587,33431
list-none-m,12,1000,8,36000,38105313,1058,10444
list-none-m,12,1000,16,36000,18039847,501,3312
list-none-s,1,1000,4,3000,1224316,408,0
list-none-s,1,1000,8,3000,727561,242,0
list-none-s,1,1000,16,3000,510222,170,0
list-none-s,2,1000,4,6000,8020132,1336,0
list-none-s,2,1000,8,6000,4459022,743,0
list-none-s,2,1000,16,6000,2863484,477,0
list-none-s,4,1000,4,12000,15147968,1262,0
list-none-s,4,1000,8,12000,7328238,610,0
list-none-s,4,1000,16,12000,3957927,329,0
list-none-s,8,1000,4,24000,35629919,1484,0
list-none-s,8,1000,8,24000,14306754,596,0
list-none-s,8,1000,16,24000,7121407,296,0
list-none-s,12,1000,4,36000,76256432,2118,0
list-none-s,12,1000,8,36000,27987167,777,0
list-none-s,12,1000,16,36000,11761498,326,0
list-none-m,1,1000,1,3000,3942347,1314,42
list-none-m,2,1000,1,6000,18328084,3054,4550
list-none-m,4,1000,1,12000,47531492,3960,15315
list-none-m,8,1000,1,24000,208829992,8701,69990
list-none-m,12,1000,1,36000,431706150,11991,149686
list-none-m,16,1000,1,48000,816293836,17006,290220
list-none-m,24,1000,1,72000,1831786116,25441,713812
list-none-s,1,1000,1,3000,3810143,1270,0
list-none-s,2,1000,1,6000,10539263,1756,0
list-none-s,4,1000,1,12000,28696676,2391,0
list-none-s,8,1000,1,24000,174944889,7289,0
list-none-s,12,1000,1,36000,419174974,11643,0
list-none-s,16,1000,1,48000,511318738,10652,0
list-none-s,24,1000,1,72000,1155269358,16045,0
list-id-none,1,1,4,3,126960,42320,0
list-id-none,1,2,4,6,128146,21357,0
list-id-none,1,4,4,12,151233,12602,0
list-id-none,1,8,4,24,126464,5269,0
list-id-none,1,16,4,48,115317,2402,0
list-id-none,4,1,4,12,182412,15201,0
list-id-none,4,2,4,24,161826,6742,0
list-id-none,4,4,4,48,173866,3622,0
list-id-none,8,1,4,24,286396,11933,0
list-id-none,8,8,4,192,277497,1445,0
list-id-none,12,1,4,36,419272,11646,0
list-id-none,12,4,4,144,366109,2542,0
list-id-none,12,8,4,288,394176,1368,0
list-id-none,16,1,4,48,542607,11304,0
list-id-none,16,2,4,96,480593,5006,0
list-id-s,1,10,4,30,167485,5582,0
list-id-s,1,20,4,60,155090,2584,0
list-id-s,1,40,4,120,185195,1543,0
list-id-s,1,80,4,240,247439,1030,0
list-id-s,4,10,4,120,230313,1919,0
list-id-s,4,20,4,240,202553,843,0
list-id-s,4,40,4,480,314461,655,0
list-id-s,4,80,4,960,642139,668,0
list-id-s,8,10,4,240,315933,1316,0
list-id-s,8,20,4,480,361798,753,0
list-id-s,8,40,4,960,711054,740,0
list-id-s,8,80,4,1920,1497504,779,0
list-id-s,12,10,4,360,421149,1169,0
list-id-s,12,20,4,720,541375,751,0
list-id-s,12,40,4,1440,1079975,749,0
list-id-s,12,80,4,2880,2572872,893,0
list-id-s,16,10,4,480,519251,1081,0
list-id-s,16,20,4,960,618810,644,0
list-id-s,16,40,4,1920,1594921,830,0
list-id-s,16,80,4,3840,3674383,956,0
list-id-m,1,10,4,30,109073,3635,134
list-id-m,1,20,4,60,231776,3862,86
list-id-m,1,40,4,120,222960,1858,59
list-id-m,1,80,4,240,258346,1076,47
list-id-m,4,10,4,120,234260,1952,1989
list-id-m,4,20,4,240,327747,1365,2029
list-id-m,4,40,4,480,500848,1043,1887
list-id-m,4,80,4,960,914552,952,2150
list-id-m,8,10,4,240,345748,1440,3953
list-id-m,8,20,4,480,564921,1176,4906
list-id-m,8,40,4,960,922694,961,5180
list-id-m,8,80,4,1920,1646771,857,5152
list-id-m,12,10,4,360,523883,1455,6338
list-id-m,12,20,4,720,764355,1061,6686
list-id-m,12,40,4,1440,1339987,930,8466
list-id-m,12,80,4,2880,2609529,906,9573
list-id-m,16,10,4,480,586356,1221,4151
list-id-m,16,20,4,960,963990,1004,9433
list-id-m,16,40,4,1920,1755857,914,11573
list-id-m,16,80,4,3840,3873733,1008,8613
list-none-m,1,1000,4,3000,1359588,453,37
list-none-m,1,1000,8,3000,944400,314,37
list-none-m,1,1000,16,3000,649316,216,36
list-none-m,2,1000,4,6000,6324693,1054,861
list-none-m,2,1000,8,6000,4514860,752,497
list-none-m,2,1000,16,6000,2027233,337,49
list-none-m,4,1000,4,12000,14861075,1238,3243
list-none-m,4,1000,8,12000,8581409,715,1357
list-none-m,4,1000,16,12000,5469170,455,625
list-none-m,8,1000,4,24000,44292352,1845,13796
list-none-m,8,1000,8,24000,21303594,887,4744
list-none-m,8,1000,16,24000,10917212,454,1642
list-none-m,12,1000,4,36000,92603408,2572,33466
list-none-m,12,1000,8,36000,38411732,1066,10584
list-none-m,12,1000,16,36000,17615380,489,3183
list-none-s,1,1000,4,3000,1224747,408,0
list-none-s,1,1000,8,3000,790231,263,0
list-none-s,1,1000,16,3000,516796,172,0
list-none-s,2,1000,4,6000,8347677,1391,0
list-none-s,2,1000,8,6000,5306278,884,0
list-none-s,2,1000,16,6000,3139769,523,0
list-none-s,4,1000,4,12000,15080475,1256,0
list-none-s,4,1000,8,12000,8082885,673,0
list-none-s,4,1000,16,12000,4286479,357,0
list-none-s,8,1000,4,24000,35484855,1478,0
list-none-s,8,1000,8,24000,14771710,615,0
list-none-s,8,1000,16,24000,7016783,292,0
list-none-s,12,1000,4,36000,77165834,2143,0
list-none-s,12,1000,8,36000,27415494,761,0
list-none-s,12,1000,16,36000,11900635,330,0
list-none-m,1,1000,1,3000,4020835,1340,42
list-none-m,2,1000,1,6000,15197605,2532,3571
list-none-m,4,1000,1,12000,45035581,3752,14910
list-none-m,8,1000,1,24000,200279023,8344,63972
list-none-m,12,1000,1,36000,427201417,11866,144380
list-none-m,16,1000,1,48000,804390666,16758,286791
list-none-m,24,1000,1,72000,1961949635,27249,811311
list-none-s,1,1000,1,3000,3833088,1277,0
list-none-s,2,1000,1,6000,13556344,2259,0
list-none-s,4,1000,1,12000,34729410,2894,0
list-none-s,8,1000,1,24000,168807556,7033,0
list-none-s,12,1000,1,36000,476419110,13233,0
list-none-s,16,1000,1,48000,548630601,11429,0
list-none-s,24,1000,1,72000,1127805445,15663,0
list-id-none,1,1,4,3,146574,48858,0
list-id-none,1,2,4,6,125682,20947,0
list-id-none,1,4,4,12,127607,10633,0
list-id-none,1,8,4,24,142373,5932,0
list-id-none,1,16,4,48,148268,3088,0
list-id-none,4,1,4,12,157376,13114,0
list-id-none,4,2,4,24,127873,5328,0
list-id-none,4,4,4,48,167652,3492,0
list-id-none,8,2,4,48,283059,5897,0
list-id-none,8,8,4,192,272092,1417,0
list-id-none,12,1,4,36,377045,10473,0
list-id-none,12,2,4,72,393955,5471,0
list-id-none,12,4,4,144,368864,2561,0
list-id-none,16,2,4,96,464944,4843,0
list-id-none,16,4,4,192,479579,2497,0
list-id-none,16,8,4,384,1731278,4508,0
list-id-s,1,10,4,30,126362,4212,0
list-id-s,1,20,4,60,150480,2508,0
list-id-s,1,40,4,120,181768,1514,0
list-id-s,1,80,4,240,237718,990,0
list-id-s,4,10,4,120,220554,1837,0
list-id-s,4,20,4,240,193720,807,0
list-id-s,4,40,4,480,414129,862,0
list-id-s,4,80,4,960,685913,714,0
list-id-s,8,10,4,240,264002,1100,0
list-id-s,8,20,4,480,367291,765,0
list-id-s,8,40,4,960,660352,687,0
list-id-s,8,80,4,1920,1370389,713,0
list-id-s,12,10,4,360,358790,996,0
list-id-s,12,20,4,720,506277,703,0
list-id-s,12,40,4,1440,1066783,740,0
list-id-s,12,80,4,2880,2289482,794,0
list-id-s,16,10,4,480,566110,1179,0
list-id-s,16,20,4,960,716274,746,0
list-id-s,16,40,4,1920,1571088,818,0
list-id-s,16,80,4,3840,3531717,919,0
list-id-m,1,10,4,30,140894,4696,131
list-id-m,1,20,4,60,161481,2691,85
list-id-m,1,40,4,120,187390,1561,57
list-id-m,1,80,4,240,235212,980,50
list-id-m,4,10,4,120,226389,1886,1085
list-id-m,4,20,4,240,327732,1365,1623
list-id-m,4,40,4,480,525461,1094,2177
list-id-m,4,80,4,960,885059,921,1942
list-id-m,8,10,4,240,395931,1649,4771
list-id-m,8,20,4,480,486921,1014,3998
list-id-m,8,40,4,960,898946,936,4900
list-id-m,8,80,4,1920,1785933,930,5583
list-id-m,12,10,4,360,416629,1157,2082
list-id-m,12,20,4,720,670319,930,5639
list-id-m,12,40,4,1440,1296941,900,8126
list-id-m,12,80,4,2880,2544295,883,9201
list-id-m,16,10,4,480,621249,1294,5810
list-id-m,16,20,4,960,981595,1022,9792
list-id-m,16,40,4,1920,1764644,919,12888
list-id-m,16,80,4,3840,3575933,931,14544
list-none-m,1,1000,4,3000,1340324,446,44
list-none-m,1,1000,8,3000,855529,285,37
list-none-m,1,1000,16,3000,648352,216,38
list-none-m,2,1000,4,6000,6981361,1163,936
list-none-m,2,1000,8,6000,4334864,722,467
list-none-m,2,1000,16,6000,3130719,521,299
list-none-m,4,1000,4,12000,14626389,1218,3235
list-none-m,4,1000,8,12000,8237826,686,1233
list-none-m,4,1000,16,12000,6100064,508,583
list-none-m,8,1000,4,24000,45988235,1916,14379
list-none-m,8,1000,8,24000,20723244,863,4725
list-none-m,8,1000,16,24000,10918403,454,1620
list-none-m,12,1000,4,36000,91864824,2551,33405
list-none-m,12,1000,8,36000,37133789,1031,10050
list-none-m,12,1000,16,36000,18068997,501,3271
list-none-s,1,1000,4,3000,1143459,381,0
list-none-s,1,1000,8,3000,687408,229,0
list-none-s,1,1000,16,3000,513971,171,0
list-none-s,2,1000,4,6000,7123885,1187,0
list-none-s,2,1000,8,6000,4827768,804,0
list-none-s,2,1000,16,6000,3086391,514,0
list-none-s,4,1000,4,12000,15027802,1252,0
list-none-s,4,1000,8,12000,7199008,599,0
list-none-s,4,1000,16,12000,4431340,369,0
list-none-s,8,1000,4,24000,36430392,1517,0
list-none-s,8,1000,8,24000,15385972,641,0
list-none-s,8,1000,16,24000,7054812,293,0
list-none-s,12,1000,4,36000,77616181,2156,0
list-none-s,12,1000,8,36000,27019717,750,0
list-none-s,12,1000,16,36000,11747412,326,0
list-none-m,1,1000,1,3000,3954928,1318,38
list-none-m,2,1000,1,6000,16044899,2674,3960
list-none-m,4,1000,1,12000,52028406,4335,19054
list-none-m,8,1000,1,24000,178378833,7432,58661
list-none-m,12,1000,1,36000,444890777,12358,165251
list-none-m,16,1000,1,48000,797569385,16616,304775
list-none-m,24,1000,1,72000,1911169888,26544,704331
list-none-s,1,1000,1,3000,3885310,1295,0
list-none-s,2,1000,1,6000,10457909,1742,0
list-none-s,4,1000,1,12000,29880285,2490,0
list-none-s,8,1000,1,24000,186373501,7765,0
list-none-s,12,1000,1,36000,323097895,8974,0
list-none-s,16,1000,1,48000,544659822,11347,0
list-none-s,24,1000,1,72000,798238377,11086,0
list-id-none,1,1,4,3,125112,41704,0
list-id-none,1,2,4,6,161483,26913,0
list-id-none,1,4,4,12,98040,8170,0
list-id-none,1,8,4,24,167238,6968,0
list-id-none,1,16,4,48,147741,3077,0
list-id-none,4,1,4,12,186669,15555,0
list-id-none,4,2,4,24,161748,6739,0
list-id-none,4,4,4,48,205862,4288,0
list-id-none,8,1,4,24,341564,14231,0
list-id-none,8,2,4,48,295407,6154,0
list-id-none,8,4,4,96,261081,2719,0
list-id-none,8,8,4,192,1045278,5444,0
list-id-none,12,1,4,36,349541,9709,0
list-id-none,12,2,4,72,357639,4967,0
list-id-none,12,4,4,144,351673,2442,0
list-id-none,16,1,4,48,504472,10509,0
list-id-none,16,2,4,96,501113,5219,0
list-id-none,16,4,4,192,457242,2381,0
list-id-none,16,8,4,384,502172,1307,0
list-id-s,1,10,4,30,138841,4628,0
list-id-s,1,20,4,60,152328,2538,0
list-id-s,1,40,4,120,212181,1768,0
list-id-s,1,80,4,240,213067,887,0
list-id-s,4,10,4,120,229630,1913,0
list-id-s,4,20,4,240,267238,1113,0
list-id-s,4,40,4,480,377067,785,0
list-id-s,4,80,4,960,672078,700,0
list-id-s,8,10,4,240,300299,1251,0
list-id-s,8,20,4,480,424483,884,0
list-id-s,8,40,4,960,718633,748,0
list-id-s,8,80,4,1920,1372218,714,0
list-id-s,12,10,4,360,425878,1182,0
list-id-s,12,20,4,720,544547,756,0
list-id-s,12,40,4,1440,1764739,1225,0
list-id-s,12,80,4,2880,2547963,884,0
list-id-s,16,10,4,480,1727297,3598,0
list-id-s,16,20,4,960,603779,628,0
list-id-s,16,40,4,1920,1588508,827,0
list-id-s,16,80,4,3840,3217494,837,0
list-id-m,1,10,4,30,116778,3892,125
list-id-m,1,20,4,60,132751,2212,85
list-id-m,1,40,4,120,182860,1523,88
list-id-m,1,80,4,240,266837,1111,66
list-id-m,4,10,4,120,187448,1562,1934
list-id-m,4,20,4,240,345872,1441,2070
list-id-m,4,40,4,480,530690,1105,1939
list-id-m,4,80,4,960,947867,987,2323
list-id-m,8,10,4,240,362273,1509,3438
list-id-m,8,20,4,480,599559,1249,4715
list-id-m,8,40,4,960,896407,933,4057
list-id-m,8,80,4,1920,1605890,836,4834
list-id-m,12,10,4,360,515250,1431,5653
list-id-m,12,20,4,720,773941,1074,6382
list-id-m,12,40,4,1440,1328913,922,7764
list-id-m,12,80,4,2880,2695530,935,10240
list-id-m,16,10,4,480,614782,1280,3146
list-id-m,16,20,4,960,968740,1009,7594
list-id-m,16,40,4,1920,1808424,941,12227
list-id-m,16,80,4,3840,3571125,929,13732
list-none-m,1,1000,4,3000,1314076,438,37
list-none-m,1,1000,8,3000,820486,273,43
list-none-m,1,1000,16,3000,607431,202,37
list-none-m,2,1000,4,6000,6125192,1020,842
list-none-m,2,1000,8,6000,4122191,687,428
list-none-m,2,1000,16,6000,3009885,501,259
list-none-m,4,1000,4,12000,14072189,1172,3020
list-none-m,4,1000,8,12000,8629113,719,1370
list-none-m,4,1000,16,12000,5374192,447,586
list-none-m,8,1000,4,24000,46486596,1936,14494
list-none-m,8,1000,8,24000,20874146,869,4768
list-none-m,8,1000,16,24000,10908611,454,1626
list-none-m,12,1000,4,36000,96345919,2676,34881
list-none-m,12,1000,8,36000,39068931,1085,10731
list-none-m,12,1000,16,36000,17638188,489,3197
list-none-s,1,1000,4,3000,1274101,424,0
list-none-s,1,1000,8,3000,744887,248,0
list-none-s,1,1000,16,3000,497361,165,0
list-none-s,2,1000,4,6000,7560139,1260,0
list-none-s,2,1000,8,6000,4355156,725,0
list-none-s,2,1000,16,6000,2401606,400,0
list-none-s,4,1000,4,12000,13264264,1105,0
list-none-s,4,1000,8,12000,8307211,692,0
list-none-s,4,1000,16,12000,4047369,337,0
list-none-s,8,1000,4,24000,34678440,1444,0
list-none-s,8,1000,8,24000,14730451,613,0
list-none-s,8,1000,16,24000,7039889,293,0
list-none-s,12,1000,4,36000,79203253,2200,0
list-none-s,12,1000,8,36000,26911103,747,0
list-none-s,12,1000,16,36000,11742284,326,0
